{
  "DINOv3": {
    "overall": {
      "Precision": 0.6657287129476159,
      "Recall": 0.21928365561635835,
      "F1": 0.32990143643031783,
      "MOTA": 0.09865288658092208,
      "IDF1": 0.32990143643031783,
      "IDsw": 829,
      "num_gt": 78761
    },
    "per_class": {
      "human": {
        "Precision": 0.8230958230958231,
        "Recall": 0.015329703015604264,
        "F1": 0.03009883198562444,
        "MOTA": 0.010387589804603525,
        "IDF1": 0.03009883198562444,
        "IDsw": 36,
        "num_gt": 21853
      },
      "elephant": {
        "Precision": 0.6638184454983734,
        "Recall": 0.35242950785558214,
        "F1": 0.4604175728577642,
        "MOTA": 0.15744459473519923,
        "IDF1": 0.4604175728577642,
        "IDsw": 793,
        "num_gt": 48055
      },
      "giraffe": {
        "Precision": 0.0,
        "Recall": 0.0,
        "F1": 0.0,
        "MOTA": -0.0052615289384092545,
        "IDF1": 0.0,
        "IDsw": 0,
        "num_gt": 3231
      },
      "lion": {
        "Precision": 0.0,
        "Recall": 0.0,
        "F1": 0.0,
        "MOTA": 0.0,
        "IDF1": 0.0,
        "IDsw": 0,
        "num_gt": 351
      },
      "unknown": {
        "Precision": 0.0,
        "Recall": 0.0,
        "F1": 0.0,
        "MOTA": -0.0011383039271486428,
        "IDF1": 0.0,
        "IDsw": 0,
        "num_gt": 5271
      }
    }
  },
  "YOLO11l": {
    "overall": {
      "Precision": 0.80569907624863,
      "Recall": 0.19601071596348446,
      "F1": 0.31531218725107735,
      "MOTA": 0.14321809017153164,
      "IDF1": 0.31531218725107735,
      "IDsw": 435,
      "num_gt": 78761
    },
    "per_class": {
      "human": {
        "Precision": 0.6,
        "Recall": 0.04187068137097881,
        "F1": 0.07827872358627769,
        "MOTA": 0.008511417196723547,
        "IDF1": 0.07827872358627769,
        "IDsw": 119,
        "num_gt": 21853
      },
      "elephant": {
        "Precision": 0.8368314541775079,
        "Recall": 0.3011757361356779,
        "F1": 0.442938026013772,
        "MOTA": 0.23589636874414732,
        "IDF1": 0.442938026013772,
        "IDsw": 315,
        "num_gt": 48055
      },
      "giraffe": {
        "Precision": 1.0,
        "Recall": 0.015165583410708759,
        "F1": 0.029878048780487804,
        "MOTA": 0.014856081708449431,
        "IDF1": 0.029878048780487804,
        "IDsw": 1,
        "num_gt": 3231
      },
      "lion": {
        "Precision": 0.0,
        "Recall": 0.0,
        "F1": 0.0,
        "MOTA": -0.3618233618233617,
        "IDF1": 0.0,
        "IDsw": 0,
        "num_gt": 351
      },
      "unknown": {
        "Precision": 0.006060606060606061,
        "Recall": 0.00018971732119142478,
        "F1": 0.0003679175864606328,
        "MOTA": -0.030923923354202243,
        "IDF1": 0.0003679175864606328,
        "IDsw": 0,
        "num_gt": 5271
      }
    }
  },
  "FasterRCNN": {
    "overall": {
      "Precision": 0.647048572211019,
      "Recall": 0.3299856527977044,
      "F1": 0.43707116911072247,
      "MOTA": 0.13031830474473405,
      "IDF1": 0.43707116911072247,
      "IDsw": 1549,
      "num_gt": 78761
    },
    "per_class": {
      "human": {
        "Precision": 0.255886524822695,
        "Recall": 0.0825515947467167,
        "F1": 0.12483133238764141,
        "MOTA": -0.16999954239692494,
        "IDF1": 0.12483133238764141,
        "IDsw": 273,
        "num_gt": 21853
      },
      "elephant": {
        "Precision": 0.8049684463588099,
        "Recall": 0.5016751638747269,
        "F1": 0.6181221475821753,
        "MOTA": 0.35378212464883985,
        "IDF1": 0.6181221475821753,
        "IDsw": 1266,
        "num_gt": 48055
      },
      "giraffe": {
        "Precision": 0.027705627705627706,
        "Recall": 0.009904054472299598,
        "F1": 0.014591883264933882,
        "MOTA": -0.3385948622717425,
        "IDF1": 0.014591883264933882,
        "IDsw": 3,
        "num_gt": 3231
      },
      "lion": {
        "Precision": 0.0,
        "Recall": 0.0,
        "F1": 0.0,
        "MOTA": -0.45584045584045585,
        "IDF1": 0.0,
        "IDsw": 0,
        "num_gt": 351
      },
      "unknown": {
        "Precision": 0.0248246087425796,
        "Recall": 0.00872699677480554,
        "F1": 0.01291409320606401,
        "MOTA": -0.335420223866439,
        "IDF1": 0.01291409320606401,
        "IDsw": 7,
        "num_gt": 5271
      }
    }
  }
}