{
  "FasterRCNN": {
    "human": {
      "P": 0.1889622075584883,
      "R": 0.14414496865418935,
      "F1": 0.16353866521298965,
      "AP": 0.04435426674716947,
      "ngt": 21853
    },
    "elephant": {
      "P": 0.6742321424842879,
      "R": 0.671959213401311,
      "F1": 0.6730937591195231,
      "AP": 0.6485651839411671,
      "ngt": 48055
    },
    "giraffe": {
      "P": 0.021745696164300814,
      "R": 0.022284122562674095,
      "F1": 0.022011617242433505,
      "AP": 0.0009359747380594356,
      "ngt": 3231
    },
    "lion": {
      "P": 0.0,
      "R": 0.0,
      "F1": 0.0,
      "AP": 2.9373620355906992e-05,
      "ngt": 351
    },
    "unknown": {
      "P": 0.015096774193548388,
      "R": 0.0221969265793967,
      "F1": 0.01797096997158436,
      "AP": 0.0021556714534921835,
      "ngt": 5271
    },
    "overall": {
      "P": 0.46535623326585257,
      "R": 0.4523812546818857,
      "F1": 0.458777023807991,
      "AP": 0.1392080941000488,
      "ngt": 78761
    }
  },
  "YOLO11l": {
    "human": {
      "P": 0.5510204081632653,
      "R": 0.06054088683475953,
      "F1": 0.10909540694318463,
      "AP": 0.08407807316218391,
      "ngt": 21853
    },
    "elephant": {
      "P": 0.8197004608294931,
      "R": 0.355342836333368,
      "F1": 0.49576843236024215,
      "AP": 0.40037090929483987,
      "ngt": 48055
    },
    "giraffe": {
      "P": 0.7878787878787878,
      "R": 0.016094088517486844,
      "F1": 0.031543827722171666,
      "AP": 0.02045038776670501,
      "ngt": 3231
    },
    "lion": {
      "P": 0.0,
      "R": 0.0,
      "F1": 0.0,
      "AP": 0.0,
      "ngt": 351
    },
    "unknown": {
      "P": 0.008875739644970414,
      "R": 0.0005691519635742744,
      "F1": 0.0010697093956141916,
      "AP": 7.818965175261368e-05,
      "ngt": 5271
    },
    "overall": {
      "P": 0.7719723907132399,
      "R": 0.2343037797894897,
      "F1": 0.3594958408820836,
      "AP": 0.10099551197509629,
      "ngt": 78761
    }
  },
  "DINOv3": {
    "human": {
      "P": 0.7534246575342466,
      "R": 0.012584084565048278,
      "F1": 0.024754703393644797,
      "AP": 0.02625450901729634,
      "ngt": 21853
    },
    "elephant": {
      "P": 0.6650865312264861,
      "R": 0.36787014878784724,
      "F1": 0.4737187646546527,
      "AP": 0.3551111545918592,
      "ngt": 48055
    },
    "giraffe": {
      "P": 0.0,
      "R": 0.0,
      "F1": 0.0,
      "AP": 0.0005394024361353478,
      "ngt": 3231
    },
    "lion": {
      "P": 0.0,
      "R": 0.0,
      "F1": 0.0,
      "AP": 0.0,
      "ngt": 351
    },
    "unknown": {
      "P": 0.0,
      "R": 0.0,
      "F1": 0.0,
      "AP": 0.00238556676246803,
      "ngt": 5271
    },
    "overall": {
      "P": 0.6655915174433693,
      "R": 0.22794276355048818,
      "F1": 0.3395880227741313,
      "AP": 0.0768581265615518,
      "ngt": 78761
    }
  },
  "SAM3-xexemplar": {
    "human": {
      "P": 0.08019220876397137,
      "R": 0.31386994920605865,
      "F1": 0.12774596079526934,
      "AP": NaN,
      "ngt": 21853
    },
    "elephant": {
      "P": 0.4630647414997671,
      "R": 0.7241077931536781,
      "F1": 0.5648863636363637,
      "AP": NaN,
      "ngt": 48055
    },
    "giraffe": {
      "P": 0.4190023752969121,
      "R": 0.5459610027855153,
      "F1": 0.47412982126058323,
      "AP": NaN,
      "ngt": 3231
    },
    "lion": {
      "P": 0.09868654597089102,
      "R": 0.792022792022792,
      "F1": 0.1755050505050505,
      "AP": NaN,
      "ngt": 351
    },
    "unknown": {
      "P": 0.03077357845105826,
      "R": 0.39252513754505786,
      "F1": 0.05707271322961492,
      "AP": NaN,
      "ngt": 5271
    },
    "overall": {
      "P": 0.1948054159200126,
      "R": 0.5810870862482701,
      "F1": 0.2917901931156717,
      "AP": NaN,
      "ngt": 78761
    }
  }
}